-- phpMyAdmin SQL Dump
-- version 5.1.1
-- https://www.phpmyadmin.net/
--
-- Host: 127.0.0.1
-- Generation Time: Dec 18, 2021 at 11:54 AM
-- Server version: 10.4.21-MariaDB
-- PHP Version: 7.3.30

SET SQL_MODE = "NO_AUTO_VALUE_ON_ZERO";
START TRANSACTION;
SET time_zone = "+00:00";


/*!40101 SET @OLD_CHARACTER_SET_CLIENT=@@CHARACTER_SET_CLIENT */;
/*!40101 SET @OLD_CHARACTER_SET_RESULTS=@@CHARACTER_SET_RESULTS */;
/*!40101 SET @OLD_COLLATION_CONNECTION=@@COLLATION_CONNECTION */;
/*!40101 SET NAMES utf8mb4 */;

--
-- Database: `dataprodi`
--

-- --------------------------------------------------------

--
-- Table structure for table `buku`
--

CREATE TABLE `buku` (
  `id_buku` int(11) NOT NULL,
  `nama_buku` varchar(20) NOT NULL,
  `deskripsi` varchar(20) NOT NULL
) ENGINE=InnoDB DEFAULT CHARSET=swe7;

--
-- Dumping data for table `buku`
--

INSERT INTO `buku` (`id_buku`, `nama_buku`, `deskripsi`) VALUES
(2, 'kamu', 'hhhhhhhhhhhhhhhhkfku'),
(3, 'dia', 'gdiHDIWLFNOHF8OIFE'),
(4, 'hans', 'kamu aneh banget'),
(5, 'bulan', 'senyummu seindah bul');

-- --------------------------------------------------------

--
-- Table structure for table `detail_peminjaman_buku`
--

CREATE TABLE `detail_peminjaman_buku` (
  `id_detail_peminjaman_buku` int(11) NOT NULL,
  `id_peminjaman_buku` int(11) NOT NULL,
  `id_buku` int(11) NOT NULL,
  `qty` int(11) NOT NULL
) ENGINE=InnoDB DEFAULT CHARSET=swe7;

--
-- Dumping data for table `detail_peminjaman_buku`
--

INSERT INTO `detail_peminjaman_buku` (`id_detail_peminjaman_buku`, `id_peminjaman_buku`, `id_buku`, `qty`) VALUES
(9, 14, 4, 1),
(10, 15, 5, 5),
(11, 16, 3, 1),
(12, 16, 2, 1);

-- --------------------------------------------------------

--
-- Table structure for table `jurusan`
--

CREATE TABLE `jurusan` (
  `id_jurusan` int(11) NOT NULL,
  `nama_jurusan` varchar(20) NOT NULL,
  `angkatan` varchar(20) NOT NULL
) ENGINE=InnoDB DEFAULT CHARSET=swe7;

--
-- Dumping data for table `jurusan`
--

INSERT INTO `jurusan` (`id_jurusan`, `nama_jurusan`, `angkatan`) VALUES
(3, 'sistem informasi', '2020'),
(4, 'akuntansi', '2020'),
(5, 'Psikologi', '2020'),
(6, 'Ekonomi', '2020'),
(7, 'Sastra Indonesia', '2020'),
(10, 'akuntansi', '2020'),
(11, 'sistem informasi', '2021');

-- --------------------------------------------------------

--
-- Table structure for table `mahasiswa`
--

CREATE TABLE `mahasiswa` (
  `id_mhs` int(11) NOT NULL,
  `nama` varchar(100) NOT NULL,
  `tanggal_lahir` date NOT NULL,
  `jenis_kelamin` enum('L','P') NOT NULL,
  `alamat` text NOT NULL,
  `username` varchar(255) DEFAULT NULL,
  `password` varchar(255) DEFAULT NULL,
  `id_jurusan` int(11) NOT NULL
) ENGINE=InnoDB DEFAULT CHARSET=swe7;

--
-- Dumping data for table `mahasiswa`
--

INSERT INTO `mahasiswa` (`id_mhs`, `nama`, `tanggal_lahir`, `jenis_kelamin`, `alamat`, `username`, `password`, `id_jurusan`) VALUES
(6, 'MIKHA', '2021-11-04', 'L', 'jombang', 'oke', '1234', 6),
(10, 'Intan Tiara Sani', '2021-05-14', 'P', 'jombang jawa timur', 'intantiara_05', 'hans', 3),
(11, 'hans', '2021-11-13', 'L', 'jakarta', 'intantiara', 'jodoh', 3),
(13, 'lalala', '2021-11-17', 'P', 'ktdyrcghjkl', 'ofiq', 'ljijljl', 11),
(14, 'nisa', '2021-11-26', 'P', 'srhbrsfbr', 'intantiara_05', 'edawf', 7),
(15, 'Intan Tiara Sani', '2021-11-23', 'L', 'jombang', 'intantiara_05', 'sssssssssssss', 7),
(16, 'paijan', '2021-11-17', 'L', 'jakarta', 'admin', '123456', 6);

-- --------------------------------------------------------

--
-- Table structure for table `peminjaman_buku`
--

CREATE TABLE `peminjaman_buku` (
  `id_peminjaman_buku` int(11) NOT NULL,
  `tanggal_pinjam` date NOT NULL,
  `id_mhs` int(11) NOT NULL,
  `tanggal_kembali` date NOT NULL
) ENGINE=InnoDB DEFAULT CHARSET=swe7;

--
-- Dumping data for table `peminjaman_buku`
--

INSERT INTO `peminjaman_buku` (`id_peminjaman_buku`, `tanggal_pinjam`, `id_mhs`, `tanggal_kembali`) VALUES
(14, '2021-12-17', 10, '2021-12-22'),
(15, '2021-12-18', 10, '2021-12-23'),
(16, '2021-12-18', 10, '2021-12-23');

-- --------------------------------------------------------

--
-- Table structure for table `pengembalian_buku`
--

CREATE TABLE `pengembalian_buku` (
  `id_pengembalian_buku` int(11) NOT NULL,
  `id_peminjaman_buku` int(11) NOT NULL,
  `tanggal_pengembalian` date NOT NULL,
  `denda` int(11) NOT NULL
) ENGINE=InnoDB DEFAULT CHARSET=swe7;

--
-- Dumping data for table `pengembalian_buku`
--

INSERT INTO `pengembalian_buku` (`id_pengembalian_buku`, `id_peminjaman_buku`, `tanggal_pengembalian`, `denda`) VALUES
(5, 15, '2021-12-18', 0);

--
-- Indexes for dumped tables
--

--
-- Indexes for table `buku`
--
ALTER TABLE `buku`
  ADD PRIMARY KEY (`id_buku`);

--
-- Indexes for table `detail_peminjaman_buku`
--
ALTER TABLE `detail_peminjaman_buku`
  ADD PRIMARY KEY (`id_detail_peminjaman_buku`),
  ADD KEY `id_peminjaman_buku` (`id_peminjaman_buku`,`id_buku`),
  ADD KEY `id_buku` (`id_buku`);

--
-- Indexes for table `jurusan`
--
ALTER TABLE `jurusan`
  ADD PRIMARY KEY (`id_jurusan`),
  ADD KEY `id_jurusan` (`id_jurusan`);

--
-- Indexes for table `mahasiswa`
--
ALTER TABLE `mahasiswa`
  ADD PRIMARY KEY (`id_mhs`),
  ADD KEY `id_jurusan` (`id_jurusan`),
  ADD KEY `id_jurusan_2` (`id_jurusan`);

--
-- Indexes for table `peminjaman_buku`
--
ALTER TABLE `peminjaman_buku`
  ADD PRIMARY KEY (`id_peminjaman_buku`),
  ADD KEY `id_mhs` (`id_mhs`);

--
-- Indexes for table `pengembalian_buku`
--
ALTER TABLE `pengembalian_buku`
  ADD PRIMARY KEY (`id_pengembalian_buku`),
  ADD KEY `id_peminjaman_buku` (`id_peminjaman_buku`);

--
-- AUTO_INCREMENT for dumped tables
--

--
-- AUTO_INCREMENT for table `buku`
--
ALTER TABLE `buku`
  MODIFY `id_buku` int(11) NOT NULL AUTO_INCREMENT, AUTO_INCREMENT=6;

--
-- AUTO_INCREMENT for table `detail_peminjaman_buku`
--
ALTER TABLE `detail_peminjaman_buku`
  MODIFY `id_detail_peminjaman_buku` int(11) NOT NULL AUTO_INCREMENT, AUTO_INCREMENT=13;

--
-- AUTO_INCREMENT for table `jurusan`
--
ALTER TABLE `jurusan`
  MODIFY `id_jurusan` int(11) NOT NULL AUTO_INCREMENT, AUTO_INCREMENT=12;

--
-- AUTO_INCREMENT for table `mahasiswa`
--
ALTER TABLE `mahasiswa`
  MODIFY `id_mhs` int(11) NOT NULL AUTO_INCREMENT, AUTO_INCREMENT=17;

--
-- AUTO_INCREMENT for table `peminjaman_buku`
--
ALTER TABLE `peminjaman_buku`
  MODIFY `id_peminjaman_buku` int(11) NOT NULL AUTO_INCREMENT, AUTO_INCREMENT=17;

--
-- AUTO_INCREMENT for table `pengembalian_buku`
--
ALTER TABLE `pengembalian_buku`
  MODIFY `id_pengembalian_buku` int(11) NOT NULL AUTO_INCREMENT, AUTO_INCREMENT=6;

--
-- Constraints for dumped tables
--

--
-- Constraints for table `detail_peminjaman_buku`
--
ALTER TABLE `detail_peminjaman_buku`
  ADD CONSTRAINT `detail_peminjaman_buku_ibfk_1` FOREIGN KEY (`id_buku`) REFERENCES `buku` (`id_buku`) ON DELETE CASCADE ON UPDATE CASCADE,
  ADD CONSTRAINT `detail_peminjaman_buku_ibfk_2` FOREIGN KEY (`id_peminjaman_buku`) REFERENCES `peminjaman_buku` (`id_peminjaman_buku`) ON DELETE CASCADE ON UPDATE CASCADE;

--
-- Constraints for table `mahasiswa`
--
ALTER TABLE `mahasiswa`
  ADD CONSTRAINT `mahasiswa_ibfk_1` FOREIGN KEY (`id_jurusan`) REFERENCES `jurusan` (`id_jurusan`) ON DELETE CASCADE ON UPDATE CASCADE;

--
-- Constraints for table `peminjaman_buku`
--
ALTER TABLE `peminjaman_buku`
  ADD CONSTRAINT `peminjaman_buku_ibfk_1` FOREIGN KEY (`id_mhs`) REFERENCES `mahasiswa` (`id_mhs`) ON DELETE CASCADE ON UPDATE CASCADE;

--
-- Constraints for table `pengembalian_buku`
--
ALTER TABLE `pengembalian_buku`
  ADD CONSTRAINT `pengembalian_buku_ibfk_1` FOREIGN KEY (`id_peminjaman_buku`) REFERENCES `peminjaman_buku` (`id_peminjaman_buku`) ON DELETE CASCADE ON UPDATE CASCADE;
COMMIT;

/*!40101 SET CHARACTER_SET_CLIENT=@OLD_CHARACTER_SET_CLIENT */;
/*!40101 SET CHARACTER_SET_RESULTS=@OLD_CHARACTER_SET_RESULTS */;
/*!40101 SET COLLATION_CONNECTION=@OLD_COLLATION_CONNECTION */;
